word,difficulty
apple,easy
banana,easy
orange,easy
grape,easy
mango,easy
computer,easy
keyboard,easy
window,easy
mouse,easy
chair,easy
table,easy
phone,easy
pencil,easy
paper,easy
bottle,easy
garden,easy
river,easy
mountain,easy
forest,easy
ocean,easy
cloud,easy
rainbow,easy
candle,easy
bridge,easy
island,easy
blanket,easy
umbrella,easy
sandwich,easy
backpack,easy
calendar,easy
javascript,medium
programming,medium
developer,medium
function,medium
variable,medium
database,medium
network,medium
browser,medium
software,medium
hardware,medium
internet,medium
security,medium
animation,medium
interface,medium
framework,medium
component,medium
dashboard,medium
response,medium
request,medium
server,medium
client,medium
protocol,medium
bandwidth,medium
firewall,medium
encryption,medium
compiler,medium
debugging,medium
repository,medium
deployment,medium
container,medium
algorithm,hard
asynchronous,hard
encapsulation,hard
polymorphism,hard
recursion,hard
inheritance,hard
abstraction,hard
concurrency,hard
idempotent,hard
serialization,hard
deserialization,hard
virtualization,hard
orchestration,hard
microservices,hard
authentication,hard
authorization,hard
cryptography,hard
distributed,hard
scalability,hard
refactoring,hard
dependency,hard
middleware,hard
instantiation,hard
multithreading,hard
